{"cameraMode":{"drawMode":0,"name":"Shaded","section":"Shading Mode"},"sceneLighting":true,"audioPlay":false,"sceneViewState":{"showFog":true,"showMaterialUpdate":false,"showSkybox":true,"showFlares":true,"showImageEffects":true,"showParticleSystems":true},"in2DMode":false,"pivot":{"x":-47.900169372558597,"y":54.491188049316409,"z":293.6977233886719},"rotation":{"x":-0.0701368972659111,"y":0.13129131495952607,"z":-0.009313417598605156,"w":-0.9888158440589905},"size":601.3436279296875,"orthographic":false}