{"cameraMode":{"drawMode":0,"name":"Shaded","section":"Shading Mode"},"sceneLighting":true,"audioPlay":false,"sceneViewState":{"showFog":true,"showMaterialUpdate":false,"showSkybox":true,"showFlares":true,"showImageEffects":true,"showParticleSystems":true},"in2DMode":false,"pivot":{"x":5.12205696105957,"y":-10.294925689697266,"z":-8.860662460327149},"rotation":{"x":-0.0100467624142766,"y":-0.9146310091018677,"z":0.40352290868759158,"w":-0.022772176191210748},"size":43.1920280456543,"orthographic":false}