{"cameraMode":{"drawMode":0,"name":"Shaded","section":"Shading Mode"},"sceneLighting":true,"audioPlay":false,"sceneViewState":{"showFog":true,"showMaterialUpdate":false,"showSkybox":true,"showFlares":true,"showImageEffects":true,"showParticleSystems":true},"in2DMode":false,"pivot":{"x":4.742067337036133,"y":1.4220962524414063,"z":6.594671249389648},"rotation":{"x":-0.18256302177906037,"y":0.7755694389343262,"z":-0.25943613052368166,"w":-0.5457616448402405},"size":11.90131950378418,"orthographic":false}