{"cameraMode":{"drawMode":0,"name":"Shaded","section":"Shading Mode"},"sceneLighting":true,"audioPlay":false,"sceneViewState":{"showFog":true,"showMaterialUpdate":false,"showSkybox":true,"showFlares":true,"showImageEffects":true,"showParticleSystems":true},"in2DMode":false,"pivot":{"x":5.440225601196289,"y":3.86328125,"z":0.5994682312011719},"rotation":{"x":-0.44075289368629458,"y":-0.11869101971387863,"z":0.05892438814043999,"w":-0.8877935409545898},"size":34.56341552734375,"orthographic":false}