{"cameraMode":{"drawMode":0,"name":"Shaded","section":"Shading Mode"},"sceneLighting":true,"audioPlay":false,"sceneViewState":{"showFog":true,"showMaterialUpdate":false,"showSkybox":true,"showFlares":true,"showImageEffects":true,"showParticleSystems":true},"in2DMode":false,"pivot":{"x":2.3934977054595949,"y":3.1360883712768556,"z":1.7202973365783692},"rotation":{"x":-0.44075289368629458,"y":-0.11869101971387863,"z":0.05892438814043999,"w":-0.8877935409545898},"size":6.229280471801758,"orthographic":false}