{"cameraMode":{"drawMode":0,"name":"Shaded","section":"Shading Mode"},"sceneLighting":true,"audioPlay":false,"sceneViewState":{"showFog":true,"showMaterialUpdate":false,"showSkybox":true,"showFlares":true,"showImageEffects":true,"showParticleSystems":true},"in2DMode":false,"pivot":{"x":3.559083938598633,"y":-5.507762908935547,"z":31.5263671875},"rotation":{"x":-0.12001603841781616,"y":-0.008342930115759373,"z":0.001007910119369626,"w":-0.9927363991737366},"size":40.47602844238281,"orthographic":false}