{"cameraMode":{"drawMode":0,"name":"Shaded","section":"Shading Mode"},"sceneLighting":false,"audioPlay":false,"sceneViewState":{"showFog":true,"showMaterialUpdate":false,"showSkybox":false,"showFlares":true,"showImageEffects":true,"showParticleSystems":true},"in2DMode":false,"pivot":{"x":2.6598525047302248,"y":-1.0870699882507325,"z":9.047524452209473},"rotation":{"x":-0.12001603841781616,"y":-0.008342930115759373,"z":0.001007910119369626,"w":-0.9927363991737366},"size":2.0389249324798586,"orthographic":false}